Aaron Lennon,https://www.transfermarkt.co.uk/aaron-lennon/profil/spieler/14221
Aaron Ramsey,https://www.transfermarkt.co.uk/aaron-ramsey/profil/spieler/50057
Aaron Wan-Bissaka,https://www.transfermarkt.co.uk/aaron-wan-bissaka/profil/spieler/477758
Adam Lallana,https://www.transfermarkt.co.uk/adam-lallana/profil/spieler/43530
Adama Traoré,https://www.transfermarkt.co.uk/adama-traore/profil/spieler/204103
Alan Hutton,https://www.transfermarkt.co.uk/alan-hutton/profil/spieler/9619
Alan Smith,https://www.transfermarkt.co.uk/alan-smith/profil/spieler/3768
Alberto Moreno,https://www.transfermarkt.co.uk/alberto-moreno/profil/spieler/207917
Alejandro Garnacho,https://www.transfermarkt.co.uk/alejandro-garnacho/profil/spieler/811779
Aleksandar Dragovic,https://www.transfermarkt.co.uk/aleksandar-dragovic/profil/spieler/59032
Aleksandar Kolarov,https://www.transfermarkt.co.uk/aleksandar-kolarov/profil/spieler/46156
Aleksandar Mitrović,https://www.transfermarkt.co.uk/aleksandar-mitrovi%C4%87/profil/spieler/51152
Alex Oxlade-Chamberlain,https://www.transfermarkt.co.uk/alex-oxlade-chamberlain/profil/spieler/143424
Alex Song,https://www.transfermarkt.co.uk/alex-song/profil/spieler/27394
Alexandre Lacazette,https://www.transfermarkt.co.uk/alexandre-lacazette/profil/spieler/93720
Alexandre Pato,https://www.transfermarkt.co.uk/alexandre-pato/profil/spieler/37579
Alexis Sánchez,https://www.transfermarkt.co.uk/alexis-sanchez/profil/spieler/40433
Ali Al-Habsi,https://www.transfermarkt.co.uk/ali-al-habsi/profil/spieler/26633
Alisson,https://www.transfermarkt.co.uk/alisson/profil/spieler/105470
Allan Saint-Maximin,https://www.transfermarkt.co.uk/allan-saint-maximin/profil/spieler/272642Álvaro Morata,https://www.transfermarkt.co.uk/alvaro-morata/profil/spieler/128223
Ander Herrera,https://www.transfermarkt.co.uk/ander-herrera/profil/spieler/99343
André Ayew,https://www.transfermarkt.co.uk/andre-ayew/profil/spieler/45403
André Gomes,https://www.transfermarkt.co.uk/andre-gomes/profil/spieler/221025
Andre Gray,https://www.transfermarkt.co.uk/andre-gray/profil/spieler/120565
André Santos,https://www.transfermarkt.co.uk/andre-santos/profil/spieler/54275
André Schürrle,https://www.transfermarkt.co.uk/andre-schurrle/profil/spieler/58205
Andreas Pereira,https://www.transfermarkt.co.uk/andreas-pereira/profil/spieler/203394
Andrey Arshavin,https://www.transfermarkt.co.uk/andrey-arshavin/profil/spieler/15378
Andros Townsend,https://www.transfermarkt.co.uk/andros-townsend/profil/spieler/61842
Andy Carroll,https://www.transfermarkt.co.uk/andy-carroll/profil/spieler/48066
Andy Robinson,https://www.transfermarkt.co.uk/andy-robinson/profil/spieler/226974Ángel Di María,https://www.transfermarkt.co.uk/angel-di-maria/profil/spieler/45320
Anthony Elanga,https://www.transfermarkt.co.uk/anthony-elanga/profil/spieler/583189
Anthony Martial,https://www.transfermarkt.co.uk/anthony-martial/profil/spieler/182877
Anton Ferdinand,https://www.transfermarkt.co.uk/anton-ferdinand/profil/spieler/3698
Antonio Rüdiger,https://www.transfermarkt.co.uk/antonio-rudiger/profil/spieler/86202
Antonio Valencia,https://www.transfermarkt.co.uk/antonio-valencia/profil/spieler/33544
Antony,https://www.transfermarkt.co.uk/antony/profil/spieler/602105
Ashley Cole,https://www.transfermarkt.co.uk/ashley-cole/profil/spieler/3182
Ashley Young,https://www.transfermarkt.co.uk/ashley-young/profil/spieler/14086
Asmir Begovic,https://www.transfermarkt.co.uk/asmir-begovic/profil/spieler/33873
Bacary Sagna,https://www.transfermarkt.co.uk/bacary-sagna/profil/spieler/26764
Bastian Schweinsteiger,https://www.transfermarkt.co.uk/bastian-schweinsteiger/profil/spieler/2514
Ben Chilwell,https://www.transfermarkt.co.uk/ben-chilwell/profil/spieler/316125
Ben Foster,https://www.transfermarkt.co.uk/ben-foster/profil/spieler/13572
Ben Mee,https://www.transfermarkt.co.uk/ben-mee/profil/spieler/74810
Ben White,https://www.transfermarkt.co.uk/ben-white/profil/spieler/335721
Bernardo Silva,https://www.transfermarkt.co.uk/bernardo-silva/profil/spieler/241641
Bertrand Traoré,https://www.transfermarkt.co.uk/bertrand-traore/profil/spieler/131996
Bobby Zamora,https://www.transfermarkt.co.uk/bobby-zamora/profil/spieler/4205
Boubacar Traoré,https://www.transfermarkt.co.uk/boubacar-traore/profil/spieler/649020
Brad Friedel,https://www.transfermarkt.co.uk/brad-friedel/profil/spieler/3476
Bruno Fernandes,https://www.transfermarkt.co.uk/bruno-fernandes/profil/spieler/240306
Callum Wilson,https://www.transfermarkt.co.uk/callum-wilson/profil/spieler/123682
Cameron Borthwick-Jackson,https://www.transfermarkt.co.uk/cameron-borthwick-jackson/profil/spieler/258879
Carlos Tevez,https://www.transfermarkt.co.uk/carlos-tevez/profil/spieler/4276
Carlton Cole,https://www.transfermarkt.co.uk/carlton-cole/profil/spieler/3179
Casemiro,https://www.transfermarkt.co.uk/casemiro/profil/spieler/16306
César Azpilicueta,https://www.transfermarkt.co.uk/cesar-azpilicueta/profil/spieler/57500
Cesc Fàbregas,https://www.transfermarkt.co.uk/cesc-fabregas/profil/spieler/8806
Charlie Adam,https://www.transfermarkt.co.uk/charlie-adam/profil/spieler/28990
Ché Adams,https://www.transfermarkt.co.uk/che-adams/profil/spieler/346779
Cheik Tioté,https://www.transfermarkt.co.uk/cheik-tiote/profil/spieler/33478
Chicharito,https://www.transfermarkt.co.uk/chicharito/profil/spieler/50935
Chris Brunt,https://www.transfermarkt.co.uk/chris-brunt/profil/spieler/36814
Chris Eagles,https://www.transfermarkt.co.uk/chris-eagles/profil/spieler/24635
Chris Kirkland,https://www.transfermarkt.co.uk/chris-kirkland/profil/spieler/3219
Chris Smalling,https://www.transfermarkt.co.uk/chris-smalling/profil/spieler/103427
Chris Wood,https://www.transfermarkt.co.uk/chris-wood/profil/spieler/108725
Christian Benteke,https://www.transfermarkt.co.uk/christian-benteke/profil/spieler/50201
Christian Eriksen,https://www.transfermarkt.co.uk/christian-eriksen/profil/spieler/69633
Christian Fuchs,https://www.transfermarkt.co.uk/christian-fuchs/profil/spieler/6636
Christian Poulsen,https://www.transfermarkt.co.uk/christian-poulsen/profil/spieler/1443
Christian Pulisic,https://www.transfermarkt.co.uk/christian-pulisic/profil/spieler/315779
Claudio Bravo,https://www.transfermarkt.co.uk/claudio-bravo/profil/spieler/40423
Clint Dempsey,https://www.transfermarkt.co.uk/clint-dempsey/profil/spieler/27577
Cody Gakpo,https://www.transfermarkt.co.uk/cody-gakpo/profil/spieler/434675
Craig Bellamy,https://www.transfermarkt.co.uk/craig-bellamy/profil/spieler/3297
Craig Dawson,https://www.transfermarkt.co.uk/craig-dawson/profil/spieler/121477
Cristiano Ronaldo,https://www.transfermarkt.co.uk/cristiano-ronaldo/profil/spieler/8198
Curtis Davies,https://www.transfermarkt.co.uk/curtis-davies/profil/spieler/18227
Daley Blind,https://www.transfermarkt.co.uk/daley-blind/profil/spieler/12282
Damien Duff,https://www.transfermarkt.co.uk/damien-duff/profil/spieler/3259
Daniel Agger,https://www.transfermarkt.co.uk/daniel-agger/profil/spieler/22832
Daniel Sturridge,https://www.transfermarkt.co.uk/daniel-sturridge/profil/spieler/47082
Danny Graham,https://www.transfermarkt.co.uk/danny-graham/profil/spieler/29152
Danny Guthrie,https://www.transfermarkt.co.uk/danny-guthrie/profil/spieler/16716
Danny Higginbotham,https://www.transfermarkt.co.uk/danny-higginbotham/profil/spieler/3686
Danny Murphy,https://www.transfermarkt.co.uk/danny-murphy/profil/spieler/3221
Danny Simpson,https://www.transfermarkt.co.uk/danny-simpson/profil/spieler/37442
Danny Welbeck,https://www.transfermarkt.co.uk/danny-welbeck/profil/spieler/67063
Darren Bent,https://www.transfermarkt.co.uk/darren-bent/profil/spieler/13239
Darren Fletcher,https://www.transfermarkt.co.uk/darren-fletcher/profil/spieler/3547
Darron Gibson,https://www.transfermarkt.co.uk/darron-gibson/profil/spieler/42413
David de Gea,https://www.transfermarkt.co.uk/david-de-gea/profil/spieler/59377
David Dunn,https://www.transfermarkt.co.uk/david-dunn/profil/spieler/4243
David Luiz,https://www.transfermarkt.co.uk/david-luiz/profil/spieler/46741
David N'Gog,https://www.transfermarkt.co.uk/david-ngog/profil/spieler/41242
David Ospina,https://www.transfermarkt.co.uk/david-ospina/profil/spieler/73396
David Silva,https://www.transfermarkt.co.uk/david-silva/profil/spieler/35518
Declan Rice,https://www.transfermarkt.co.uk/declan-rice/profil/spieler/357662
Dejan Lovren,https://www.transfermarkt.co.uk/dejan-lovren/profil/spieler/37838
Dele Alli,https://www.transfermarkt.co.uk/dele-alli/profil/spieler/207929
Demba Ba,https://www.transfermarkt.co.uk/demba-ba/profil/spieler/40205
Denílson,https://www.transfermarkt.co.uk/denilson/profil/spieler/42352
Dimitar Berbatov,https://www.transfermarkt.co.uk/dimitar-berbatov/profil/spieler/65
Diogo Dalot,https://www.transfermarkt.co.uk/diogo-dalot/profil/spieler/357147
Diogo Jota,https://www.transfermarkt.co.uk/diogo-jota/profil/spieler/340950
Dirk Kuyt,https://www.transfermarkt.co.uk/dirk-kuyt/profil/spieler/4010
Divock Origi,https://www.transfermarkt.co.uk/divock-origi/profil/spieler/148368
Djibril Cissé,https://www.transfermarkt.co.uk/djibril-cisse/profil/spieler/3966
Dominic Calvert-Lewin,https://www.transfermarkt.co.uk/dominic-calvert-lewin/profil/spieler/306024
Donny van de Beek,https://www.transfermarkt.co.uk/donny-van-de-beek/profil/spieler/288255
Eden Hazard,https://www.transfermarkt.co.uk/eden-hazard/profil/spieler/50202Éder,https://www.transfermarkt.co.uk/eder/profil/spieler/84481
Ederson,https://www.transfermarkt.co.uk/ederson/profil/spieler/238223
Edin Dzeko,https://www.transfermarkt.co.uk/edin-dzeko/profil/spieler/28396
Edinson Cavani,https://www.transfermarkt.co.uk/edinson-cavani/profil/spieler/48280
Eduardo Vargas,https://www.transfermarkt.co.uk/eduardo-vargas/profil/spieler/89718
Eduardo,https://www.transfermarkt.co.uk/eduardo/profil/spieler/34159
Edwin van der Sar,https://www.transfermarkt.co.uk/edwin-van-der-sar/profil/spieler/3516
Eidur Gudjohnsen,https://www.transfermarkt.co.uk/eidur-gudjohnsen/profil/spieler/3176
El-Hadji Diouf,https://www.transfermarkt.co.uk/el-hadji-diouf/profil/spieler/3604
Emile Heskey,https://www.transfermarkt.co.uk/emile-heskey/profil/spieler/3142
Emmanuel Adebayor,https://www.transfermarkt.co.uk/emmanuel-adebayor/profil/spieler/8883
Emmanuel Frimpong,https://www.transfermarkt.co.uk/emmanuel-frimpong/profil/spieler/93056
Emre Can,https://www.transfermarkt.co.uk/emre-can/profil/spieler/119296
Eric Bailly,https://www.transfermarkt.co.uk/eric-bailly/profil/spieler/286384
Eric Dier,https://www.transfermarkt.co.uk/eric-dier/profil/spieler/175722
Eric Maxim Choupo-Moting,https://www.transfermarkt.co.uk/eric-maxim-choupo-moting/profil/spieler/45660
Erik Lamela,https://www.transfermarkt.co.uk/erik-lamela/profil/spieler/111630
Erling Haaland,https://www.transfermarkt.co.uk/erling-haaland/profil/spieler/418560
Fabian Schär,https://www.transfermarkt.co.uk/fabian-schar/profil/spieler/135343
Fernandinho,https://www.transfermarkt.co.uk/fernandinho/profil/spieler/26267
Fernando Llorente,https://www.transfermarkt.co.uk/fernando-llorente/profil/spieler/35564
Fernando Torres,https://www.transfermarkt.co.uk/fernando-torres/profil/spieler/7767
Frank Lampard,https://www.transfermarkt.co.uk/frank-lampard/profil/spieler/3163
Fraser Forster,https://www.transfermarkt.co.uk/fraser-forster/profil/spieler/52570
Freddie Ladapo,https://www.transfermarkt.co.uk/freddie-ladapo/profil/spieler/233998
Gabriel Agbonlahor,https://www.transfermarkt.co.uk/gabriel-agbonlahor/profil/spieler/37148
Gabriel Jesus,https://www.transfermarkt.co.uk/gabriel-jesus/profil/spieler/363205
Gabriel Martinelli,https://www.transfermarkt.co.uk/gabriel-martinelli/profil/spieler/655488
Gaël Clichy,https://www.transfermarkt.co.uk/gael-clichy/profil/spieler/7449
Gareth Bale,https://www.transfermarkt.co.uk/gareth-bale/profil/spieler/39381
Gareth Barry,https://www.transfermarkt.co.uk/gareth-barry/profil/spieler/3291
Gareth McAuley,https://www.transfermarkt.co.uk/gareth-mcauley/profil/spieler/40567
Gary Cahill,https://www.transfermarkt.co.uk/gary-cahill/profil/spieler/27511
Gary Neville,https://www.transfermarkt.co.uk/gary-neville/profil/spieler/3403
Georginio Wijnaldum,https://www.transfermarkt.co.uk/georginio-wijnaldum/profil/spieler/49499
Georgios Samaras,https://www.transfermarkt.co.uk/georgios-samaras/profil/spieler/6855
Gervinho,https://www.transfermarkt.co.uk/gervinho/profil/spieler/33481
Gonzalo Higuaín,https://www.transfermarkt.co.uk/gonzalo-higuain/profil/spieler/39153
Granit Xhaka,https://www.transfermarkt.co.uk/granit-xhaka/profil/spieler/111455
Harry Kane,https://www.transfermarkt.co.uk/harry-kane/profil/spieler/132098
Harry Maguire,https://www.transfermarkt.co.uk/harry-maguire/profil/spieler/177907
Hatem Ben Arfa,https://www.transfermarkt.co.uk/hatem-ben-arfa/profil/spieler/18900
Héctor Bellerín,https://www.transfermarkt.co.uk/hector-bellerin/profil/spieler/191217
Henrikh Mkhitaryan,https://www.transfermarkt.co.uk/henrikh-mkhitaryan/profil/spieler/55735
Heung-min Son,https://www.transfermarkt.co.uk/heung-min-son/profil/spieler/91845
Heurelho Gomes,https://www.transfermarkt.co.uk/heurelho-gomes/profil/spieler/19059
Hugo Lloris,https://www.transfermarkt.co.uk/hugo-lloris/profil/spieler/17965
Hugo Rodallega,https://www.transfermarkt.co.uk/hugo-rodallega/profil/spieler/37934
Ilkay Gündogan,https://www.transfermarkt.co.uk/ilkay-gundogan/profil/spieler/53622
Ivan Perisic,https://www.transfermarkt.co.uk/ivan-perisic/profil/spieler/42460
Ivan Toney,https://www.transfermarkt.co.uk/ivan-toney/profil/spieler/251664
Jack Butland,https://www.transfermarkt.co.uk/jack-butland/profil/spieler/128899
Jack Grealish,https://www.transfermarkt.co.uk/jack-grealish/profil/spieler/203460
Jack Wilshere,https://www.transfermarkt.co.uk/jack-wilshere/profil/spieler/74223
Jadon Sancho,https://www.transfermarkt.co.uk/jadon-sancho/profil/spieler/401173
Jake Livermore,https://www.transfermarkt.co.uk/jake-livermore/profil/spieler/61832
Jamal Lowe,https://www.transfermarkt.co.uk/jamal-lowe/profil/spieler/239949
James Beattie,https://www.transfermarkt.co.uk/james-beattie/profil/spieler/3112
James Maddison,https://www.transfermarkt.co.uk/james-maddison/profil/spieler/294057
James Milner,https://www.transfermarkt.co.uk/james-milner/profil/spieler/3333
James Rodríguez,https://www.transfermarkt.co.uk/james-rodriguez/profil/spieler/88103
James Ward-Prowse,https://www.transfermarkt.co.uk/james-ward-prowse/profil/spieler/181579
James Wilson,https://www.transfermarkt.co.uk/james-wilson/profil/spieler/214104
Jamie Carragher,https://www.transfermarkt.co.uk/jamie-carragher/profil/spieler/3597
Jamie Vardy,https://www.transfermarkt.co.uk/jamie-vardy/profil/spieler/197838
Jan Vertonghen,https://www.transfermarkt.co.uk/jan-vertonghen/profil/spieler/43250
Jarrod Bowen,https://www.transfermarkt.co.uk/jarrod-bowen/profil/spieler/314875
Jason Puncheon,https://www.transfermarkt.co.uk/jason-puncheon/profil/spieler/47995
Javi García,https://www.transfermarkt.co.uk/javi-garcia/profil/spieler/36350
Javier Mascherano,https://www.transfermarkt.co.uk/javier-mascherano/profil/spieler/19981
Jay Rodríguez,https://www.transfermarkt.co.uk/jay-rodriguez/profil/spieler/53360
Jay Spearing,https://www.transfermarkt.co.uk/jay-spearing/profil/spieler/52111
Jeffrey Schlupp,https://www.transfermarkt.co.uk/jeffrey-schlupp/profil/spieler/157506
Jens Lehmann,https://www.transfermarkt.co.uk/jens-lehmann/profil/spieler/122
Jermain Defoe,https://www.transfermarkt.co.uk/jermain-defoe/profil/spieler/3875
Jermaine Beckford,https://www.transfermarkt.co.uk/jermaine-beckford/profil/spieler/38874
Jermaine Jenas,https://www.transfermarkt.co.uk/jermaine-jenas/profil/spieler/3461
Jermaine Pennant,https://www.transfermarkt.co.uk/jermaine-pennant/profil/spieler/3195
Jérôme Boateng,https://www.transfermarkt.co.uk/jerome-boateng/profil/spieler/26485
Jesse Lingard,https://www.transfermarkt.co.uk/jesse-lingard/profil/spieler/141660
Jesús Navas,https://www.transfermarkt.co.uk/jesus-navas/profil/spieler/15956
Ji-sung Park,https://www.transfermarkt.co.uk/ji-sung-park/profil/spieler/4592
João Cancelo,https://www.transfermarkt.co.uk/joao-cancelo/profil/spieler/182712
João Moutinho,https://www.transfermarkt.co.uk/joao-moutinho/profil/spieler/29364
Joe Allen,https://www.transfermarkt.co.uk/joe-allen/profil/spieler/51452
Joe Cole,https://www.transfermarkt.co.uk/joe-cole/profil/spieler/3876
Joe Gomez,https://www.transfermarkt.co.uk/joe-gomez/profil/spieler/256178
Joe Hart,https://www.transfermarkt.co.uk/joe-hart/profil/spieler/40204
Joel Matip,https://www.transfermarkt.co.uk/joel-matip/profil/spieler/82105
Joel Pereira,https://www.transfermarkt.co.uk/joel-pereira/profil/spieler/192611
Joelinton,https://www.transfermarkt.co.uk/joelinton/profil/spieler/333241
Joey Barton,https://www.transfermarkt.co.uk/joey-barton/profil/spieler/3292
John Arne Riise,https://www.transfermarkt.co.uk/john-arne-riise/profil/spieler/3220
John McGinn,https://www.transfermarkt.co.uk/john-mcginn/profil/spieler/193116
John O'Shea,https://www.transfermarkt.co.uk/john-oshea/profil/spieler/3540
John Stones,https://www.transfermarkt.co.uk/john-stones/profil/spieler/186590
John Terry,https://www.transfermarkt.co.uk/john-terry/profil/spieler/3160
Joleon Lescott,https://www.transfermarkt.co.uk/joleon-lescott/profil/spieler/4241
Jonathan Benteke,https://www.transfermarkt.co.uk/jonathan-benteke/profil/spieler/273773
Jonathan Woodgate,https://www.transfermarkt.co.uk/jonathan-woodgate/profil/spieler/3224
Jonjo Shelvey,https://www.transfermarkt.co.uk/jonjo-shelvey/profil/spieler/71292
Jonny Evans,https://www.transfermarkt.co.uk/jonny-evans/profil/spieler/42412
Jordan Ayew,https://www.transfermarkt.co.uk/jordan-ayew/profil/spieler/108354
Jordan Pickford,https://www.transfermarkt.co.uk/jordan-pickford/profil/spieler/130164
Jorginho,https://www.transfermarkt.co.uk/jorginho/profil/spieler/102017
José Enrique,https://www.transfermarkt.co.uk/jose-enrique/profil/spieler/35571
Juan Mata,https://www.transfermarkt.co.uk/juan-mata/profil/spieler/44068
Júlio César,https://www.transfermarkt.co.uk/julio-cesar/profil/spieler/22412
Jussi Jääskeläinen,https://www.transfermarkt.co.uk/jussi-jaaskelainen/profil/spieler/3692
Kai Havertz,https://www.transfermarkt.co.uk/kai-havertz/profil/spieler/309400
Kalvin Phillips,https://www.transfermarkt.co.uk/kalvin-phillips/profil/spieler/351749
Kasper Schmeichel,https://www.transfermarkt.co.uk/kasper-schmeichel/profil/spieler/16911
Kevin De Bruyne,https://www.transfermarkt.co.uk/kevin-de-bruyne/profil/spieler/88755
Kevin Mirallas,https://www.transfermarkt.co.uk/kevin-mirallas/profil/spieler/33639
Kevin Nolan,https://www.transfermarkt.co.uk/kevin-nolan/profil/spieler/3950
Kieran Gibbs,https://www.transfermarkt.co.uk/kieran-gibbs/profil/spieler/44792
Kieran Trippier,https://www.transfermarkt.co.uk/kieran-trippier/profil/spieler/95810
Kieron Dyer,https://www.transfermarkt.co.uk/kieron-dyer/profil/spieler/3118
Kiko Casilla,https://www.transfermarkt.co.uk/kiko-casilla/profil/spieler/27486
Kolo Touré,https://www.transfermarkt.co.uk/kolo-toure/profil/spieler/3202
Kurt Zouma,https://www.transfermarkt.co.uk/kurt-zouma/profil/spieler/157509
Kyle Lafferty,https://www.transfermarkt.co.uk/kyle-lafferty/profil/spieler/36884
Kyle Walker,https://www.transfermarkt.co.uk/kyle-walker/profil/spieler/95424
Landon Donovan,https://www.transfermarkt.co.uk/landon-donovan/profil/spieler/68
Laurent Koscielny,https://www.transfermarkt.co.uk/laurent-koscielny/profil/spieler/76277
Leandro Trossard,https://www.transfermarkt.co.uk/leandro-trossard/profil/spieler/144028
Ledley King,https://www.transfermarkt.co.uk/ledley-king/profil/spieler/3360
Lee Bowyer,https://www.transfermarkt.co.uk/lee-bowyer/profil/spieler/3877
Lee Cattermole,https://www.transfermarkt.co.uk/lee-cattermole/profil/spieler/37363
Leighton Baines,https://www.transfermarkt.co.uk/leighton-baines/profil/spieler/13507
Leonardo Ulloa,https://www.transfermarkt.co.uk/leonardo-ulloa/profil/spieler/54890
Leroy Sané,https://www.transfermarkt.co.uk/leroy-sane/profil/spieler/192565
Lewis Dunk,https://www.transfermarkt.co.uk/lewis-dunk/profil/spieler/148153
Lewis Kinsella,https://www.transfermarkt.co.uk/lewis-kinsella/profil/spieler/201656
Lisandro Martínez,https://www.transfermarkt.co.uk/lisandro-martinez/profil/spieler/480762
Loris Karius,https://www.transfermarkt.co.uk/loris-karius/profil/spieler/85864
Louis Saha,https://www.transfermarkt.co.uk/louis-saha/profil/spieler/4015
Lucas Digne,https://www.transfermarkt.co.uk/lucas-digne/profil/spieler/126664
Lucas Moura,https://www.transfermarkt.co.uk/lucas-moura/profil/spieler/77100
Luis Díaz,https://www.transfermarkt.co.uk/luis-diaz/profil/spieler/480692
Luis Suárez,https://www.transfermarkt.co.uk/luis-suarez/profil/spieler/44352
Luka Modric,https://www.transfermarkt.co.uk/luka-modric/profil/spieler/27992
Lukas Podolski,https://www.transfermarkt.co.uk/lukas-podolski/profil/spieler/15185
Luke Shaw,https://www.transfermarkt.co.uk/luke-shaw/profil/spieler/183288
Maik Taylor,https://www.transfermarkt.co.uk/maik-taylor/profil/spieler/3723
Marc Albrighton,https://www.transfermarkt.co.uk/marc-albrighton/profil/spieler/61560
Marcos Alonso,https://www.transfermarkt.co.uk/marcos-alonso/profil/spieler/112515
Marcos Rojo,https://www.transfermarkt.co.uk/marcos-rojo/profil/spieler/93176
Marcus Rashford,https://www.transfermarkt.co.uk/marcus-rashford/profil/spieler/258923
Mario Balotelli,https://www.transfermarkt.co.uk/mario-balotelli/profil/spieler/45146
Mark Noble,https://www.transfermarkt.co.uk/mark-noble/profil/spieler/31835
Mark Schwarzer,https://www.transfermarkt.co.uk/mark-schwarzer/profil/spieler/3357
Marko Arnautovic,https://www.transfermarkt.co.uk/marko-arnautovic/profil/spieler/41384
Marlon Harewood,https://www.transfermarkt.co.uk/marlon-harewood/profil/spieler/10011
Marouane Chamakh,https://www.transfermarkt.co.uk/marouane-chamakh/profil/spieler/19085
Marouane Fellaini,https://www.transfermarkt.co.uk/marouane-fellaini/profil/spieler/39679
Martin Ødegaard,https://www.transfermarkt.co.uk/martin-odegaard/profil/spieler/316264
Martin Skrtel,https://www.transfermarkt.co.uk/martin-skrtel/profil/spieler/24180
Mason Mount,https://www.transfermarkt.co.uk/mason-mount/profil/spieler/346483
Mathieu Debuchy,https://www.transfermarkt.co.uk/mathieu-debuchy/profil/spieler/27306
Mathieu Flamini,https://www.transfermarkt.co.uk/mathieu-flamini/profil/spieler/17396
Matteo Darmian,https://www.transfermarkt.co.uk/matteo-darmian/profil/spieler/54906
Matthew Taylor,https://www.transfermarkt.co.uk/matthew-taylor/profil/spieler/9218
Maya Yoshida,https://www.transfermarkt.co.uk/maya-yoshida/profil/spieler/81789
Memphis Depay,https://www.transfermarkt.co.uk/memphis-depay/profil/spieler/167850
Mesut Özil,https://www.transfermarkt.co.uk/mesut-ozil/profil/spieler/35664
Micah Richards,https://www.transfermarkt.co.uk/micah-richards/profil/spieler/32617
Michael Carrick,https://www.transfermarkt.co.uk/michael-carrick/profil/spieler/3878
Michael Dawson,https://www.transfermarkt.co.uk/michael-dawson/profil/spieler/9988
Michael Duff,https://www.transfermarkt.co.uk/michael-duff/profil/spieler/36894
Michael Essien,https://www.transfermarkt.co.uk/michael-essien/profil/spieler/5588
Michael Owen,https://www.transfermarkt.co.uk/michael-owen/profil/spieler/1397
Michel Vorm,https://www.transfermarkt.co.uk/michel-vorm/profil/spieler/26276
Michu,https://www.transfermarkt.co.uk/michu/profil/spieler/70789
Miguel Almirón,https://www.transfermarkt.co.uk/miguel-almiron/profil/spieler/272999
Mikel Arteta,https://www.transfermarkt.co.uk/mikel-arteta/profil/spieler/7451
Mohamed Salah,https://www.transfermarkt.co.uk/mohamed-salah/profil/spieler/148455
Moisés Caicedo,https://www.transfermarkt.co.uk/moises-caicedo/profil/spieler/687626
Morgan Gibbs-White,https://www.transfermarkt.co.uk/morgan-gibbs-white/profil/spieler/429014
Morgan Schneiderlin,https://www.transfermarkt.co.uk/morgan-schneiderlin/profil/spieler/56818
Morten Gamst Pedersen,https://www.transfermarkt.co.uk/morten-gamst-pedersen/profil/spieler/22741
Nani,https://www.transfermarkt.co.uk/nani/profil/spieler/33706
Nathan Aké,https://www.transfermarkt.co.uk/nathan-ake/profil/spieler/177476
Neco Williams,https://www.transfermarkt.co.uk/neco-williams/profil/spieler/503680
Nemanja Vidic,https://www.transfermarkt.co.uk/nemanja-vidic-lrm-/profil/spieler/19726
N'Golo Kanté,https://www.transfermarkt.co.uk/ngolo-kante/profil/spieler/225083
Nick Pope,https://www.transfermarkt.co.uk/nick-pope/profil/spieler/192080
Nick Powell,https://www.transfermarkt.co.uk/nick-powell/profil/spieler/134424
Nicklas Bendtner,https://www.transfermarkt.co.uk/nicklas-bendtner/profil/spieler/34557
Nicolás Otamendi,https://www.transfermarkt.co.uk/nicolas-otamendi/profil/spieler/54781
Nigel de Jong,https://www.transfermarkt.co.uk/nigel-de-jong/profil/spieler/4672
Nigel Reo-Coker,https://www.transfermarkt.co.uk/nigel-reo-coker/profil/spieler/14060
Niko Kranjcar,https://www.transfermarkt.co.uk/niko-kranjcar/profil/spieler/16746
Obafemi Martins,https://www.transfermarkt.co.uk/obafemi-martins/profil/spieler/5794
Odion Ighalo,https://www.transfermarkt.co.uk/odion-ighalo/profil/spieler/62121
Oleksandr Zinchenko,https://www.transfermarkt.co.uk/oleksandr-zinchenko/profil/spieler/203853
Olivier Giroud,https://www.transfermarkt.co.uk/olivier-giroud/profil/spieler/82442
Ollie Watkins,https://www.transfermarkt.co.uk/ollie-watkins/profil/spieler/324358
Oscar,https://www.transfermarkt.co.uk/oscar/profil/spieler/85314
Owen Hargreaves,https://www.transfermarkt.co.uk/owen-hargreaves/profil/spieler/201
Pablo Zabaleta,https://www.transfermarkt.co.uk/pablo-zabaleta/profil/spieler/20007
Paddy McNair,https://www.transfermarkt.co.uk/paddy-mcnair/profil/spieler/167268
Papiss Cissé,https://www.transfermarkt.co.uk/papiss-cisse/profil/spieler/33952
Pascal Chimbonda,https://www.transfermarkt.co.uk/pascal-chimbonda/profil/spieler/18875
Pascal Groß,https://www.transfermarkt.co.uk/pascal-gross/profil/spieler/82873
Patrice Evra,https://www.transfermarkt.co.uk/patrice-evra/profil/spieler/5285
Patrick Bamford,https://www.transfermarkt.co.uk/patrick-bamford/profil/spieler/183334
Patrick Vieira,https://www.transfermarkt.co.uk/patrick-vieira/profil/spieler/3183
Paul Konchesky,https://www.transfermarkt.co.uk/paul-konchesky/profil/spieler/3296
Paul Pogba,https://www.transfermarkt.co.uk/paul-pogba/profil/spieler/122153
Paul Scholes,https://www.transfermarkt.co.uk/paul-scholes/profil/spieler/3397
Pedro Neto,https://www.transfermarkt.co.uk/pedro-neto/profil/spieler/487465
Pedro,https://www.transfermarkt.co.uk/pedro/profil/spieler/65278
Pepe Reina,https://www.transfermarkt.co.uk/pepe-reina/profil/spieler/7825
Per Mertesacker,https://www.transfermarkt.co.uk/per-mertesacker/profil/spieler/6710
Peter Crouch,https://www.transfermarkt.co.uk/peter-crouch/profil/spieler/4072
Peter Odemwingie,https://www.transfermarkt.co.uk/peter-odemwingie/profil/spieler/12516
Petr Cech,https://www.transfermarkt.co.uk/petr-cech/profil/spieler/5658
Phil Foden,https://www.transfermarkt.co.uk/phil-foden/profil/spieler/406635
Phil Jagielka,https://www.transfermarkt.co.uk/phil-jagielka/profil/spieler/13520
Phil Jones,https://www.transfermarkt.co.uk/phil-jones/profil/spieler/117996
Phil Neville,https://www.transfermarkt.co.uk/phil-neville/profil/spieler/3404
Philippe Coutinho,https://www.transfermarkt.co.uk/philippe-coutinho/profil/spieler/80444
Pierre-Emerick Aubameyang,https://www.transfermarkt.co.uk/pierre-emerick-aubameyang/profil/spieler/58864
Radamel Falcao,https://www.transfermarkt.co.uk/radamel-falcao/profil/spieler/39152
Radoslav Kovac,https://www.transfermarkt.co.uk/radoslav-kovac/profil/spieler/9702
Rafael van der Vaart,https://www.transfermarkt.co.uk/rafael-van-der-vaart/profil/spieler/4192
Raheem Sterling,https://www.transfermarkt.co.uk/raheem-sterling/profil/spieler/134425
Ramires,https://www.transfermarkt.co.uk/ramires/profil/spieler/54170
Raphaël Varane,https://www.transfermarkt.co.uk/raphael-varane/profil/spieler/164770
Raúl Jiménez,https://www.transfermarkt.co.uk/raul-jimenez/profil/spieler/206040
Raúl Meireles,https://www.transfermarkt.co.uk/raul-meireles/profil/spieler/13168
Reece James,https://www.transfermarkt.co.uk/reece-james/profil/spieler/472423
Richard Dunne,https://www.transfermarkt.co.uk/richard-dunne/profil/spieler/3807
Richarlison,https://www.transfermarkt.co.uk/richarlison/profil/spieler/378710
Rickie Lambert,https://www.transfermarkt.co.uk/rickie-lambert/profil/spieler/49655
Rico Henry,https://www.transfermarkt.co.uk/rico-henry/profil/spieler/339556
Rio Ferdinand,https://www.transfermarkt.co.uk/rio-ferdinand/profil/spieler/3235
Riyad Mahrez,https://www.transfermarkt.co.uk/riyad-mahrez/profil/spieler/171424
Rob Green,https://www.transfermarkt.co.uk/rob-green/profil/spieler/11680
Robbie Keane,https://www.transfermarkt.co.uk/robbie-keane/profil/spieler/3144
Robert Huth,https://www.transfermarkt.co.uk/robert-huth/profil/spieler/2998
Robert Pirès,https://www.transfermarkt.co.uk/robert-pires/profil/spieler/3185
Robert Snodgrass,https://www.transfermarkt.co.uk/robert-snodgrass/profil/spieler/22614
Roberto Firmino,https://www.transfermarkt.co.uk/roberto-firmino/profil/spieler/131789
Roberto Soldado,https://www.transfermarkt.co.uk/roberto-soldado/profil/spieler/34870
Robin van Persie,https://www.transfermarkt.co.uk/robin-van-persie/profil/spieler/4380
Romelu Lukaku,https://www.transfermarkt.co.uk/romelu-lukaku/profil/spieler/96341
Roque Santa Cruz,https://www.transfermarkt.co.uk/roque-santa-cruz/profil/spieler/215
Rory Delap,https://www.transfermarkt.co.uk/rory-delap/profil/spieler/4112
Ross Barkley,https://www.transfermarkt.co.uk/ross-barkley/profil/spieler/131978
Rúben Dias,https://www.transfermarkt.co.uk/ruben-dias/profil/spieler/258004
Ruben Loftus-Cheek,https://www.transfermarkt.co.uk/ruben-loftus-cheek/profil/spieler/202886
Rúben Neves,https://www.transfermarkt.co.uk/ruben-neves/profil/spieler/225161
Rui Patrício,https://www.transfermarkt.co.uk/rui-patricio/profil/spieler/45026
Ryan Giggs,https://www.transfermarkt.co.uk/ryan-giggs/profil/spieler/3406
Sadio Mané,https://www.transfermarkt.co.uk/sadio-mane/profil/spieler/200512
Samir Nasri,https://www.transfermarkt.co.uk/samir-nasri/profil/spieler/18935
Samuel Eto'o,https://www.transfermarkt.co.uk/samuel-etoo/profil/spieler/4257
Santi Cazorla,https://www.transfermarkt.co.uk/santi-cazorla/profil/spieler/15799
Scott McTominay,https://www.transfermarkt.co.uk/scott-mctominay/profil/spieler/315969
Seamus Coleman,https://www.transfermarkt.co.uk/seamus-coleman/profil/spieler/68390
Sébastien Bassong,https://www.transfermarkt.co.uk/sebastien-bassong/profil/spieler/33951
Sergio Agüero,https://www.transfermarkt.co.uk/sergio-aguero/profil/spieler/26399
Sergio Romero,https://www.transfermarkt.co.uk/sergio-romero/profil/spieler/30690
Shay Given,https://www.transfermarkt.co.uk/shay-given/profil/spieler/3146
Shinji Kagawa,https://www.transfermarkt.co.uk/shinji-kagawa/profil/spieler/81785
Simon Mignolet,https://www.transfermarkt.co.uk/simon-mignolet/profil/spieler/50219
Sol Campbell,https://www.transfermarkt.co.uk/sol-campbell/profil/spieler/3198
Steed Malbranque,https://www.transfermarkt.co.uk/steed-malbranque/profil/spieler/3569
Stéphane Sessègnon,https://www.transfermarkt.co.uk/stephane-sessegnon/profil/spieler/37157
Stephen Ireland,https://www.transfermarkt.co.uk/stephen-ireland/profil/spieler/34838
Stevan Jovetic,https://www.transfermarkt.co.uk/stevan-jovetic/profil/spieler/46104
Steven Caldwell,https://www.transfermarkt.co.uk/steven-caldwell/profil/spieler/3462
Steven Gerrard,https://www.transfermarkt.co.uk/steven-gerrard/profil/spieler/3109
Steven Pienaar,https://www.transfermarkt.co.uk/steven-pienaar/profil/spieler/4321
Steven Taylor,https://www.transfermarkt.co.uk/steven-taylor/profil/spieler/17273
Stewart Downing,https://www.transfermarkt.co.uk/stewart-downing/profil/spieler/4063
Stuart Dallas,https://www.transfermarkt.co.uk/stuart-dallas/profil/spieler/158764
Teemu Pukki,https://www.transfermarkt.co.uk/teemu-pukki/profil/spieler/46972
Theo Walcott,https://www.transfermarkt.co.uk/theo-walcott/profil/spieler/33713
Thiago Silva,https://www.transfermarkt.co.uk/thiago-silva/profil/spieler/29241
Thibaut Courtois,https://www.transfermarkt.co.uk/thibaut-courtois/profil/spieler/108390
Thierry Henry,https://www.transfermarkt.co.uk/thierry-henry/profil/spieler/3207
Thomas Vermaelen,https://www.transfermarkt.co.uk/thomas-vermaelen/profil/spieler/15904
Tim Howard,https://www.transfermarkt.co.uk/tim-howard/profil/spieler/4267
Tomas Rosicky,https://www.transfermarkt.co.uk/tomas-rosicky/profil/spieler/132
Trent Alexander-Arnold,https://www.transfermarkt.co.uk/trent-alexander-arnold/profil/spieler/314353
Troy Deeney,https://www.transfermarkt.co.uk/troy-deeney/profil/spieler/65477
Tyrone Mings,https://www.transfermarkt.co.uk/tyrone-mings/profil/spieler/253677
Victor Lindelöf,https://www.transfermarkt.co.uk/victor-lindelof/profil/spieler/184573
Victor Moses,https://www.transfermarkt.co.uk/victor-moses/profil/spieler/59866
Víctor Valdés,https://www.transfermarkt.co.uk/victor-valdes/profil/spieler/7589
Victor Wanyama,https://www.transfermarkt.co.uk/victor-wanyama/profil/spieler/77760
Vincent Kompany,https://www.transfermarkt.co.uk/vincent-kompany/profil/spieler/9594
Virgil van Dijk,https://www.transfermarkt.co.uk/virgil-van-dijk/profil/spieler/139208
Wayne Rooney,https://www.transfermarkt.co.uk/wayne-rooney/profil/spieler/3332
Wilfred Ndidi,https://www.transfermarkt.co.uk/wilfred-ndidi/profil/spieler/274839
Wilfried Zaha,https://www.transfermarkt.co.uk/wilfried-zaha/profil/spieler/145988
Will Keane,https://www.transfermarkt.co.uk/will-keane/profil/spieler/118535
William Gallas,https://www.transfermarkt.co.uk/william-gallas/profil/spieler/3156
Willian,https://www.transfermarkt.co.uk/willian/profil/spieler/52769
Wojciech Szczesny,https://www.transfermarkt.co.uk/wojciech-szczesny/profil/spieler/44058
Wout Weghorst,https://www.transfermarkt.co.uk/wout-weghorst/profil/spieler/228645
Xherdan Shaqiri,https://www.transfermarkt.co.uk/xherdan-shaqiri/profil/spieler/86792
Yannick Bolasie,https://www.transfermarkt.co.uk/yannick-bolasie/profil/spieler/75471
Yaya Touré,https://www.transfermarkt.co.uk/yaya-toure/profil/spieler/13091
Yossi Benayoun,https://www.transfermarkt.co.uk/yossi-benayoun/profil/spieler/7858
Zlatan Ibrahimović,https://www.transfermarkt.co.uk/zlatan-ibrahimovi%C4%87/profil/spieler/3455